{"distanceThreshold":0.51,"labeledDescriptors":[{"label":"40e7a248-c5d6-4afd-be91-d42b22773b6f","descriptors":[[-0.10513345897197723,0.16025923192501068,0.020497065037488937,-0.10562632977962494,-0.05200381204485893,-0.058817602694034576,-0.004534028470516205,-0.13379737734794617,0.1468798816204071,-0.06904192268848419,0.25189080834388733,-0.06287998706102371,-0.27841269969940186,-0.01850205846130848,-0.04817118123173714,0.1870001256465912,-0.13131844997406006,-0.09578949958086014,-0.07717249542474747,0.08014459162950516,0.1428341269493103,0.006164271384477615,0.0027008773759007454,0.12049795687198639,-0.022398285567760468,-0.32906681299209595,-0.0985947772860527,0.015807025134563446,-0.007274657487869263,-0.07587733119726181,-0.07759345322847366,0.007227547466754913,-0.21898037195205688,-0.09439118951559067,0.03128373995423317,0.09986624121665955,-0.08307686448097229,-0.13735008239746094,0.20218533277511597,0.03162402659654617,-0.24530638754367828,0.06620775163173676,0.032329265028238297,0.2997172772884369,0.16879703104496002,0.02368745021522045,0.024524904787540436,-0.17027881741523743,0.10213209688663483,-0.2233346551656723,0.02450595051050186,0.15126660466194153,0.04909044876694679,0.050547193735837936,-0.04038969427347183,-0.1475996971130371,0.02371576800942421,0.1011621356010437,-0.22032800316810608,-0.018723439425230026,0.10718730837106705,-0.09314750134944916,-0.04209523648023605,-0.17818686366081238,0.20841369032859802,0.1357732117176056,-0.14882680773735046,-0.15354791283607483,0.11170890182256699,-0.14568206667900085,-0.027376608923077583,0.05267048254609108,-0.16401024162769318,-0.21226176619529724,-0.23412907123565674,0.042350348085165024,0.4041363596916199,0.1422114074230194,-0.17812716960906982,0.039244215935468674,-0.06952191889286041,-0.007548791356384754,0.10980544239282608,0.1572069674730301,0.02727525308728218,0.06940043717622757,-0.07647780328989029,0.06254902482032776,0.23131412267684937,-0.07005251944065094,-0.02542746439576149,0.26364848017692566,0.014245651662349701,0.03894878551363945,0.03693696856498718,0.02933517098426819,-0.0899757593870163,0.00690431147813797,-0.1840328723192215,-0.009571827948093414,-0.028204452246427536,-0.04945990443229675,0.006776310503482819,0.12629005312919617,-0.14743849635124207,0.14572302997112274,0.028186310082674026,0.015907246619462967,0.028550224378705025,-0.03956647962331772,-0.09494469314813614,-0.10122755169868469,0.09150893986225128,-0.18658298254013062,0.19729827344417572,0.13639329373836517,0.06862294673919678,0.08534812182188034,0.0837242379784584,0.11268545687198639,0.014979743398725986,-0.008184485137462616,-0.20356279611587524,-0.004004519432783127,0.1469953954219818,0.02554200030863285,0.1458534300327301,-0.05416031926870346],[-0.12230080366134644,0.11368705332279205,0.01076994277536869,-0.1085260659456253,-0.05692312493920326,-0.06424150615930557,-0.024756798520684242,-0.11205391585826874,0.13313566148281097,-0.0894506573677063,0.23467464745044708,-0.07561910152435303,-0.24120564758777618,-0.007000178564339876,-0.05299331620335579,0.17041470110416412,-0.11886250972747803,-0.07908926904201508,-0.07116265594959259,0.0860714465379715,0.1420954465866089,0.028673356398940086,0.031233586370944977,0.12205842137336731,-0.03734665364027023,-0.3256968855857849,-0.1004091128706932,-0.017326634377241135,-0.010506879538297653,-0.11352721601724625,-0.09602217376232147,0.006841354072093964,-0.22572730481624603,-0.04791536182165146,0.016614414751529694,0.10830777138471603,-0.04727969318628311,-0.10993295907974243,0.19695420563220978,0.040700867772102356,-0.3044978380203247,0.0539981946349144,0.011188261210918427,0.279573529958725,0.19052378833293915,0.00397438183426857,-0.007084101438522339,-0.1688573956489563,0.10197766870260239,-0.21026596426963806,0.08488135039806366,0.1455356776714325,0.04468237981200218,0.03518720343708992,-0.03988729417324066,-0.11446945369243622,0.02016155794262886,0.1256096512079239,-0.2084268033504486,-0.008997403085231781,0.1196775808930397,-0.07496441155672073,-0.006469499319791794,-0.12440422177314758,0.19646380841732025,0.14976494014263153,-0.14638718962669373,-0.17962588369846344,0.09658310562372208,-0.17082369327545166,-0.024679061025381088,0.10797218978404999,-0.17929847538471222,-0.23024946451187134,-0.27716952562332153,0.05790894478559494,0.384819895029068,0.14164593815803528,-0.16441026329994202,0.02621866762638092,-0.07946239411830902,0.00007379241287708282,0.14919337630271912,0.17671959102153778,0.033854879438877106,0.05987761914730072,-0.06951217353343964,0.06829679012298584,0.24450917541980743,-0.06588813662528992,-0.06800073385238647,0.2530040442943573,-0.006520159542560577,0.023557409644126892,0.0170145221054554,0.061048492789268494,-0.06403631716966629,-0.014095675200223923,-0.1635361611843109,-0.010186178609728813,-0.02602696418762207,-0.026778392493724823,-0.027435295283794403,0.1726982295513153,-0.15915702283382416,0.11220905929803848,0.004937358200550079,-0.012062467634677887,0.027964482083916664,-0.032948583364486694,-0.08420051634311676,-0.12041032314300537,0.067276731133461,-0.19699448347091675,0.20282801985740662,0.1395730823278427,0.08780516684055328,0.07180622965097427,0.0724129006266594,0.09547614306211472,0.029487214982509613,-0.021650582551956177,-0.1985096037387848,0.02509215846657753,0.16528743505477905,0.05366874486207962,0.13809093832969666,-0.060670360922813416]]}]}