{"distanceThreshold":0.51,"labeledDescriptors":[{"label":"0c594938-145a-4785-967a-fbe00417fb60","descriptors":[[-0.09198867529630661,0.15189816057682037,-0.0013137944042682648,-0.054636400192976,-0.04153396561741829,-0.022279009222984314,-0.010407265275716782,-0.08037978410720825,0.17027412354946136,-0.07475322484970093,0.25354865193367004,-0.029758162796497345,-0.2556644678115845,-0.0500388965010643,-0.02816198579967022,0.15898571908473969,-0.11658795177936554,-0.09644036740064621,-0.05618453770875931,0.0367920957505703,0.19355303049087524,0.010957682505249977,-0.0011842530220746994,0.09342491626739502,-0.06655338406562805,-0.3065269887447357,-0.0948006734251976,-0.005409128963947296,0.037408795207738876,-0.10983215272426605,-0.07053327560424805,-0.023940671235322952,-0.2192307710647583,-0.07012974470853806,0.01626119762659073,0.04458378627896309,-0.05646947771310806,-0.11667892336845398,0.20699945092201233,0.016742492094635963,-0.24288134276866913,0.04351034760475159,0.019003815948963165,0.25243598222732544,0.14841166138648987,0.03387008607387543,0.03325454145669937,-0.20068413019180298,0.11114230006933212,-0.13191011548042297,0.05718740448355675,0.1849948763847351,0.12000233680009842,0.06053340062499046,-0.06299568712711334,-0.13668276369571686,-0.006198082119226456,0.11425815522670746,-0.18277908861637115,0.02469886839389801,0.10803083330392838,-0.07480287551879883,-0.0508134663105011,-0.15761330723762512,0.193864107131958,0.08742858469486237,-0.16129380464553833,-0.22123435139656067,0.11251476407051086,-0.14299482107162476,-0.06569650769233704,0.09509585797786713,-0.16839540004730225,-0.2186470329761505,-0.26471367478370667,0.05648722127079964,0.3634796738624573,0.10648217797279358,-0.17504459619522095,0.046029143035411835,-0.08508770167827606,-0.007353123277425766,0.08298680931329727,0.19475941359996796,-0.0071252621710300446,0.0394803062081337,-0.059545308351516724,0.05045616626739502,0.24395915865898132,-0.06077408045530319,-0.05588366463780403,0.23426498472690582,-0.00022604316473007202,0.06744447350502014,-0.017959170043468475,0.044084303081035614,-0.08853454142808914,0.03704972565174103,-0.09688233584165573,-0.0062494706362485886,-0.006442811340093613,-0.04993061348795891,0.0023938268423080444,0.14653156697750092,-0.1470065712928772,0.1482568085193634,0.009552408009767532,0.055486682802438736,0.05097022280097008,-0.008246384561061859,-0.12970679998397827,-0.10449808090925217,0.08208716660737991,-0.20694373548030853,0.2253473699092865,0.13044480979442596,0.11033362150192261,0.0659690573811531,0.12212840467691422,0.14435814321041107,0.0407426580786705,-0.008668877184391022,-0.24958668649196625,0.018085122108459473,0.13930930197238922,-0.01051676832139492,0.12622462213039398,-0.04709174856543541],[-0.0939134806394577,0.1689670979976654,0.00012907758355140686,-0.047834739089012146,-0.04647590219974518,-0.03361499682068825,-0.010871414095163345,-0.07994768023490906,0.17700566351413727,-0.06439099460840225,0.24303343892097473,-0.030487030744552612,-0.25796595215797424,-0.05553049594163895,-0.014708690345287323,0.1642710566520691,-0.12787657976150513,-0.10631594061851501,-0.05143348500132561,0.04507221281528473,0.19503852725028992,0.010016918182373047,0.005527429282665253,0.11434078216552734,-0.05348838120698929,-0.31484633684158325,-0.09264533221721649,-0.009875806048512459,0.045536115765571594,-0.11202999204397202,-0.07705268263816833,-0.025339830666780472,-0.22135859727859497,-0.0798116996884346,0.027891455218195915,0.050250500440597534,-0.053918782621622086,-0.12423986196517944,0.2030239701271057,0.013069888576865196,-0.2584747076034546,0.040246471762657166,0.011856406927108765,0.25554022192955017,0.1499321162700653,0.030326370149850845,0.03526782989501953,-0.19286657869815826,0.12212914973497391,-0.13799229264259338,0.058074817061424255,0.19443726539611816,0.12037643045186996,0.05788864567875862,-0.06063202768564224,-0.14509785175323486,-0.009497756138443947,0.11743400245904922,-0.18941989541053772,0.019891886040568352,0.11394305527210236,-0.07796045392751694,-0.03991426154971123,-0.1581628918647766,0.18336738646030426,0.09383898973464966,-0.15875793993473053,-0.22381943464279175,0.10544298589229584,-0.1504850536584854,-0.05625835806131363,0.10784006118774414,-0.17128579318523407,-0.21909961104393005,-0.2607790529727936,0.05297015979886055,0.3648879826068878,0.10609536617994308,-0.1679094135761261,0.031931765377521515,-0.08084546029567719,0.000997995026409626,0.06958653032779694,0.20046916604042053,-0.010080553591251373,0.048483528196811676,-0.06624960899353027,0.05449990928173065,0.24196785688400269,-0.05853249505162239,-0.052076149731874466,0.23771120607852936,-0.00045424699783325195,0.0678420439362526,-0.01787407323718071,0.046002909541130066,-0.0794166550040245,0.029858723282814026,-0.10070497542619705,-0.001415010541677475,-0.020392902195453644,-0.05091268569231033,-0.005845561623573303,0.140546977519989,-0.14858736097812653,0.13344146311283112,0.01062937080860138,0.05365666747093201,0.03055630996823311,-0.009673140943050385,-0.12762536108493805,-0.10316897183656693,0.07889196276664734,-0.20303702354431152,0.23401519656181335,0.13687381148338318,0.1097242534160614,0.06375617533922195,0.0993858128786087,0.13672660291194916,0.03939717635512352,-0.03240594267845154,-0.23041123151779175,0.014418810606002808,0.14471562206745148,-0.00761297345161438,0.11899666488170624,-0.05990554764866829],[-0.0929005816578865,0.15734019875526428,-0.0004783123731613159,-0.06292741000652313,-0.04648037999868393,-0.02076980657875538,-0.011910457164049149,-0.08171885460615158,0.17396050691604614,-0.06588029861450195,0.2595793306827545,-0.024185113608837128,-0.2571161687374115,-0.054389458149671555,-0.023027772083878517,0.15813197195529938,-0.13015097379684448,-0.10203547030687332,-0.05387963727116585,0.03962511196732521,0.1994095742702484,0.004033951088786125,0.0004421621561050415,0.10068517923355103,-0.07063490897417068,-0.31410837173461914,-0.09199856221675873,0.001145659014582634,0.042980264872312546,-0.11076350510120392,-0.07494055479764938,-0.02132730931043625,-0.23257464170455933,-0.06890583783388138,0.019190847873687744,0.05789832025766373,-0.052071258425712585,-0.12262791395187378,0.1998310685157776,0.02738385647535324,-0.24588264524936676,0.040406838059425354,0.00485486164689064,0.2548714578151703,0.15946874022483826,0.01883102022111416,0.03755909577012062,-0.1942710131406784,0.11718009412288666,-0.13932551443576813,0.05314529687166214,0.19741997122764587,0.1183309555053711,0.05638834461569786,-0.05985084921121597,-0.1349247843027115,-0.010097954422235489,0.10899731516838074,-0.17475250363349915,0.018278125673532486,0.11402390152215958,-0.08008366078138351,-0.0462765134871006,-0.17076070606708527,0.18222710490226746,0.08417512476444244,-0.16146978735923767,-0.23053476214408875,0.10744763165712357,-0.13314971327781677,-0.062040917575359344,0.10489842295646667,-0.17877456545829773,-0.21720241010189056,-0.2724568843841553,0.05889631435275078,0.37039095163345337,0.10809982568025589,-0.178501695394516,0.03698176518082619,-0.09759223461151123,0.0010729245841503143,0.07879804074764252,0.18771466612815857,0.0013310611248016357,0.0517268031835556,-0.07595206797122955,0.06259161233901978,0.2451535016298294,-0.06500673294067383,-0.05826212093234062,0.23838582634925842,-0.005861133337020874,0.07345319539308548,-0.016995437443256378,0.0521702840924263,-0.08737565577030182,0.037603959441185,-0.10074591636657715,-0.003958536311984062,-0.010045943781733513,-0.04962080717086792,0.001166120171546936,0.14896483719348907,-0.1399875283241272,0.1366697996854782,0.009526427835226059,0.059168294072151184,0.0399012416601181,-0.015995927155017853,-0.13928192853927612,-0.10698313266038895,0.07930891960859299,-0.2125629186630249,0.22496764361858368,0.1375693827867508,0.1087198257446289,0.0567261204123497,0.1161760538816452,0.13769489526748657,0.031434476375579834,-0.01831723004579544,-0.23386821150779724,0.019063368439674377,0.12830600142478943,-0.0008725393563508987,