{"distanceThreshold":0.51,"labeledDescriptors":[{"label":"a7310775-cb79-4391-88a8-3605a8276eb5","descriptors":[[-0.08679845184087753,0.16136619448661804,0.10529668629169464,-0.07322505116462708,-0.024936724454164505,-0.08365397155284882,-0.07096400856971741,-0.08479659259319305,0.14302188158035278,-0.00965268537402153,0.16929422318935394,-0.05017947405576706,-0.2435750514268875,0.003844374790787697,-0.05154607072472572,0.1231347918510437,-0.1311897337436676,-0.09433281421661377,-0.1395706832408905,-0.09924816340208054,0.02079010009765625,0.05641555041074753,0.06260407716035843,0.06055774912238121,-0.09623183310031891,-0.2610815167427063,-0.04882729798555374,-0.07675902545452118,0.030501671135425568,-0.11492324620485306,0.054011523723602295,0.10897211730480194,-0.14922884106636047,-0.011187028139829636,0.029330452904105186,0.04195374250411987,0.0023152604699134827,-0.10279516875743866,0.1897597312927246,-0.030186332762241364,-0.1878921240568161,-0.10256887972354889,0.019576076418161392,0.3057861030101776,0.23148471117019653,-0.00418503675609827,0.028510648757219315,-0.05893532186746597,0.04484114050865173,-0.2545399069786072,-0.0033092908561229706,0.1805965006351471,0.0057256147265434265,0.07806126028299332,0.02888672798871994,-0.20447154343128204,0.019411854445934296,0.10682933032512665,-0.1655341535806656,-0.006123164668679237,0.047342393547296524,-0.12985959649085999,-0.08258052915334702,-0.1293013095855713,0.2502835690975189,0.14025640487670898,-0.15854831039905548,-0.16718578338623047,0.1751914918422699,-0.14243710041046143,-0.01758824847638607,0.08315356075763702,-0.14538122713565826,-0.12787678837776184,-0.23360855877399445,-0.017353937029838562,0.3239259719848633,0.10462012141942978,-0.16358321905136108,0.06360774487257004,-0.1473400741815567,0.025523319840431213,-0.032305844128131866,0.09132879972457886,-0.08394487202167511,0.035747088491916656,-0.028177745640277863,0.015700053423643112,0.1689642071723938,-0.05439624935388565,-0.037529803812503815,0.19405129551887512,-0.04203350841999054,-0.06213528662919998,-0.010682132095098495,-0.00040981173515319824,-0.08808912336826324,0.02669166773557663,-0.11604442447423935,0.016300294548273087,0.02895447053015232,-0.08499200642108917,0.02473565936088562,0.12525513768196106,-0.20186114311218262,0.15986813604831696,0.035169001668691635,0.015474773943424225,0.039660803973674774,-0.004700183868408203,-0.06061788275837898,-0.07548056542873383,0.22425644099712372,-0.2536277770996094,0.20713701844215393,0.18968772888183594,0.06513713300228119,0.1480502188205719,0.04853338748216629,0.156865656375885,0.019981035962700844,0.015834085643291473,-0.12000200152397156,-0.029587090015411377,0.049838799983263016,-0.026391170918941498,-0.021793480962514877,0.033470116555690765],[-0.1415323168039322,0.16878435015678406,0.05106855556368828,-0.07042332738637924,-0.013977342285215855,-0.02086048200726509,-0.02167005091905594,-0.08603502810001373,0.1625334620475769,-0.08233104646205902,0.24490924179553986,-0.06424266844987869,-0.28128570318222046,-0.05867559462785721,-0.05863539129495621,0.17224454879760742,-0.14149203896522522,-0.10292616486549377,-0.06908741593360901,0.10436449944972992,0.18597647547721863,0.004747951403260231,-0.014220727607607841,0.059533167630434036,-0.08287879824638367,-0.31222689151763916,-0.08298145979642868,-0.00764123909175396,-0.01302235946059227,-0.09219646453857422,-0.07809945940971375,-0.026037149131298065,-0.21004197001457214,-0.06274078786373138,-0.013295412063598633,0.05717921257019043,-0.03850004822015762,-0.096461720764637,0.21187782287597656,0.023706965148448944,-0.27524101734161377,0.05522478371858597,0.009858168661594391,0.23760847747325897,0.16286374628543854,0.0259220153093338,0.014438405632972717,-0.1895083785057068,0.08967222273349762,-0.21827015280723572,0.02532297745347023,0.1812005639076233,0.12117552012205124,0.0556987002491951,-0.04700835794210434,-0.13810469210147858,-0.01287793554365635,0.09041251242160797,-0.18862637877464294,-0.0007212311029434204,0.08790673315525055,-0.07205953449010849,-0.027462055906653404,-0.12489975988864899,0.1574569046497345,0.09090769290924072,-0.16352234780788422,-0.16475142538547516,0.10533684492111206,-0.12811975181102753,-0.027387481182813644,0.09696425497531891,-0.13171984255313873,-0.24410352110862732,-0.26948273181915283,0.05968358367681503,0.38220709562301636,0.13141994178295135,-0.1898602545261383,0.028094995766878128,-0.10524188727140427,-0.032992418855428696,0.06922390311956406,0.16081872582435608,-0.02216178923845291,0.060825932770967484,-0.058606017380952835,0.05746708810329437,0.2312835305929184,-0.0692296028137207,-0.019770972430706024,0.24994684755802155,0.030896246433258057,0.05965837836265564,-0.021897558122873306,0.029377661645412445,-0.05788144841790199,0.015962719917297363,-0.11928004026412964,0.005326123908162117,0.0007082000374794006,-0.03323154151439667,0.008040331304073334,0.13721926510334015,-0.14871196448802948,0.12484562397003174,0.02680700644850731,-0.005662396550178528,0.03457243740558624,-0.018560156226158142,-0.10325915366411209,-0.0907459408044815,0.08846402168273926,-0.18620045483112335,0.17047959566116333,0.14691144227981567,0.07506409287452698,0.07558317482471466,0.1424551010131836,0.1114344522356987,0.03894651681184769,0.003312051296234131,-0.20015309751033783,-0.004657134413719177,0.16166767477989197,0.017650112509727478,0.1432134509086609,-0.0517704077064991]]},{"label":"ad915be1-7146-49ec-b4cc-06350d211f9c",