{"distanceThreshold":0.45,"labeledDescriptors":[{"label":"a5e6a6d3-503c-4e1e-a3c9-91c9f1c602c5","descriptors":[[-0.1415323168039322,0.16878435015678406,0.05106855556368828,-0.07042332738637924,-0.013977342285215855,-0.02086048200726509,-0.02167005091905594,-0.08603502810001373,0.1625334620475769,-0.08233104646205902,0.24490924179553986,-0.06424266844987869,-0.28128570318222046,-0.05867559462785721,-0.05863539129495621,0.17224454879760742,-0.14149203896522522,-0.10292616486549377,-0.06908741593360901,0.10436449944972992,0.18597647547721863,0.004747951403260231,-0.014220727607607841,0.059533167630434036,-0.08287879824638367,-0.31222689151763916,-0.08298145979642868,-0.00764123909175396,-0.01302235946059227,-0.09219646453857422,-0.07809945940971375,-0.026037149131298065,-0.21004197001457214,-0.06274078786373138,-0.013295412063598633,0.05717921257019043,-0.03850004822015762,-0.096461720764637,0.21187782287597656,0.023706965148448944,-0.27524101734161377,0.05522478371858597,0.009858168661594391,0.23760847747325897,0.16286374628543854,0.0259220153093338,0.014438405632972717,-0.1895083785057068,0.08967222273349762,-0.21827015280723572,0.02532297745347023,0.1812005639076233,0.12117552012205124,0.0556987002491951,-0.04700835794210434,-0.13810469210147858,-0.01287793554365635,0.09041251242160797,-0.18862637877464294,-0.0007212311029434204,0.08790673315525055,-0.07205953449010849,-0.027462055906653404,-0.12489975988864899,0.1574569046497345,0.09090769290924072,-0.16352234780788422,-0.16475142538547516,0.10533684492111206,-0.12811975181102753,-0.027387481182813644,0.09696425497531891,-0.13171984255313873,-0.24410352110862732,-0.26948273181915283,0.05968358367681503,0.38220709562301636,0.13141994178295135,-0.1898602545261383,0.028094995766878128,-0.10524188727140427,-0.032992418855428696,0.06922390311956406,0.16081872582435608,-0.02216178923845291,0.060825932770967484,-0.058606017380952835,0.05746708810329437,0.2312835305929184,-0.0692296028137207,-0.019770972430706024,0.24994684755802155,0.030896246433258057,0.05965837836265564,-0.021897558122873306,0.029377661645412445,-0.05788144841790199,0.015962719917297363,-0.11928004026412964,0.005326123908162117,0.0007082000374794006,-0.03323154151439667,0.008040331304073334,0.13721926510334015,-0.14871196448802948,0.12484562397003174,0.02680700644850731,-0.005662396550178528,0.03457243740558624,-0.018560156226158142,-0.10325915366411209,-0.0907459408044815,0.08846402168273926,-0.18620045483112335,0.17047959566116333,0.14691144227981567,0.07506409287452698,0.07558317482471466,0.1424551010131836,0.1114344522356987,0.03894651681184769,0.003312051296234131,-0.20015309751033783,-0.004657134413719177,0.16166767477989197,0.017650112509727478,0.1432134509086609,-0.0517704077064991],[-0.1415323168039322,0.16878435015678406,0.05106855556368828,-0.07042332738637924,-0.013977342285215855,-0.02086048200726509,-0.02167005091905594,-0.08603502810001373,0.1625334620475769,-0.08233104646205902,0.24490924179553986,-0.06424266844987869,-0.28128570318222046,-0.05867559462785721,-0.05863539129495621,0.17224454879760742,-0.14149203896522522,-0.10292616486549377,-0.06908741593360901,0.10436449944972992,0.18597647547721863,0.004747951403260231,-0.014220727607607841,0.059533167630434036,-0.08287879824638367,-0.31222689151763916,-0.08298145979642868,-0.00764123909175396,-0.01302235946059227,-0.09219646453857422,-0.07809945940971375,-0.026037149131298065,-0.21004197001457214,-0.06274078786373138,-0.013295412063598633,0.05717921257019043,-0.03850004822015762,-0.096461720764637,0.21187782287597656,0.023706965148448944,-0.27524101734161377,0.05522478371858597,0.009858168661594391,0.23760847747325897,0.16286374628543854,0.0259220153093338,0.014438405632972717,-0.1895083785057068,0.08967222273349762,-0.21827015280723572,0.02532297745347023,0.1812005639076233,0.12117552012205124,0.0556987002491951,-0.04700835794210434,-0.13810469210147858,-0.01287793554365635,0.09041251242160797,-0.18862637877464294,-0.0007212311029434204,0.08790673315525055,-0.07205953449010849,-0.027462055906653404,-0.12489975988864899,0.1574569046497345,0.09090769290924072,-0.16352234780788422,-0.16475142538547516,0.10533684492111206,-0.12811975181102753,-0.027387481182813644,0.09696425497531891,-0.13171984255313873,-0.24410352110862732,-0.26948273181915283,0.05968358367681503,0.38220709562301636,0.13141994178295135,-0.1898602545261383,0.028094995766878128,-0.10524188727140427,-0.032992418855428696,0.06922390311956406,0.16081872582435608,-0.02216178923845291,0.060825932770967484,-0.058606017380952835,0.05746708810329437,0.2312835305929184,-0.0692296028137207,-0.019770972430706024,0.24994684755802155,0.030896246433258057,0.05965837836265564,-0.021897558122873306,0.029377661645412445,-0.05788144841790199,0.015962719917297363,-0.11928004026412964,0.005326123908162117,0.0007082000374794006,-0.03323154151439667,0.008040331304073334,0.13721926510334015,-0.14871196448802948,0.12484562397003174,0.02680700644850731,-0.005662396550178528,0.03457243740558624,-0.018560156226158142,-0.10325915366411209,-0.0907459408044815,0.08846402168273926,-0.18620045483112335,0.17047959566116333,0.14691144227981567,0.07506409287452698,0.07558317482471466,0.1424551010131836,0.1114344522356987,0.03894651681184769,0.003312051296234131,-0.20015309751033783,-0.004657134413719177,0.16166767477989197,0.017650112509727478,0.1432134509086609,-0.0517704077064991]]}]}