{"distanceThreshold":0.56,"labeledDescriptors":[{"label":"85460e2e-7236-4449-acf0-27a8639c8175","descriptors":[[-0.09716840088367462,0.12687590718269348,0.11742953956127167,-0.07498936355113983,-0.19535435736179352,-0.08052636682987213,-0.014890553429722786,-0.10353920608758926,0.12844547629356384,-0.10015259683132172,0.15597926080226898,-0.010951928794384003,-0.22778187692165375,0.021414432674646378,-0.0686727836728096,0.16997580230236053,-0.20875251293182373,-0.17728832364082336,-0.012307058088481426,-0.11249766498804092,0.06808646023273468,0.05360846966505051,-0.029443882405757904,0.10343100875616074,-0.10222551226615906,-0.19528110325336456,-0.03383314236998558,-0.024155408143997192,-0.03760084509849548,-0.15895159542560577,0.024251719936728477,0.13312645256519318,-0.1895456165075302,0.02709045261144638,-0.027205001562833786,0.09926315397024155,-0.02556682378053665,-0.1409624218940735,0.17967146635055542,0.045508138835430145,-0.20935580134391785,-0.006623260676860809,0.02960268035531044,0.3080773949623108,0.23216912150382996,-0.0749383196234703,-0.016696065664291382,-0.04028185456991196,0.16281235218048096,-0.3443624973297119,-0.040890514850616455,0.21502694487571716,-0.037076737731695175,0.05532253533601761,-0.02046792581677437,-0.1428373157978058,0.024957261979579926,0.0750853568315506,-0.22770947217941284,-0.007425369694828987,0.10931996256113052,-0.1758723109960556,0.008179273456335068,-0.1462222784757614,0.21004748344421387,0.10309631377458572,-0.13039951026439667,-0.10858938097953796,0.128219872713089,-0.19810211658477783,-0.09914900362491608,0.10669060051441193,-0.13447707891464233,-0.17300789058208466,-0.24959251284599304,0.06452150642871857,0.3968093991279602,0.17444805800914764,-0.03913939744234085,0.07695275545120239,-0.05677029862999916,-0.036152590066194534,0.004990238696336746,0.17433097958564758,0.005185149610042572,0.07738808542490005,-0.08299169689416885,0.14673259854316711,0.2017088234424591,-0.021476145833730698,-0.013639207929372787,0.3087712228298187,0.026200708001852036,0.013199295848608017,-0.000792287290096283,0.05489712208509445,-0.03214631974697113,0.0061635784804821014,-0.12273609638214111,0.07099992781877518,-0.06890636682510376,-0.07201774418354034,0.006265267729759216,0.10373878479003906,-0.11254717409610748,0.1236237958073616,-0.04820077866315842,-0.009111274033784866,-0.16466480493545532,-0.13069751858711243,-0.06438364088535309,0.021177254617214203,0.11557009816169739,-0.25338029861450195,0.15168257057666779,0.14841718971729279,0.051354020833969116,0.12677231431007385,0.004611192271113396,0.03925469517707825,-0.0032535018399357796,-0.1499144732952118,-0.0988246500492096,-0.015630148351192474,0.08429501950740814,-0.04753856733441353,0.05624818056821823,0.03462845832109451],[-0.02809375524520874,0.11802589148283005,0.056721679866313934,-0.021616853773593903,-0.12125826627016068,0.019348442554473877,-0.038997452706098557,0.004971563816070557,0.12992191314697266,-0.03768780082464218,0.23843581974506378,-0.042545586824417114,-0.22739939391613007,0.006403607781976461,-0.0444951131939888,0.0945279449224472,-0.12184501439332962,-0.05851428583264351,-0.19392848014831543,-0.09895195066928864,-0.01595916599035263,0.022174617275595665,0.005758240818977356,-0.0046264491975307465,-0.11254703253507614,-0.30593419075012207,-0.05515507981181145,-0.09158748388290405,0.11986753344535828,-0.17036177217960358,-0.0036331419833004475,-0.00327860563993454,-0.2027972936630249,-0.015272922813892365,0.006321370601654053,0.036475785076618195,-0.02333907037973404,-0.06186947971582413,0.1643846333026886,-0.036091119050979614,-0.17247381806373596,0.043083250522613525,0.04990122467279434,0.22601014375686646,0.20189125835895538,0.04632708802819252,-0.027833662927150726,-0.0843743085861206,0.09183326363563538,-0.23187783360481262,0.008137715980410576,0.1965760588645935,0.07655861973762512,0.11977855116128922,0.06307307630777359,-0.12628678977489471,0.009143952280282974,0.12741638720035553,-0.15057909488677979,0.048974744975566864,0.016536016017198563,-0.0267882589250803,-0.05638746917247772,-0.14161917567253113,0.1916881799697876,0.054834287613630295,-0.12880200147628784,-0.16137871146202087,0.14616575837135315,-0.18862350285053253,0.012251326814293861,0.13384941220283508,-0.0919579565525055,-0.1813063621520996,-0.2312307059764862,0.10328467935323715,0.4086652398109436,0.1993303894996643,-0.1639622449874878,0.004554353654384613,-0.09628784656524658,-0.08131158351898193,-0.041224922984838486,0.035927146673202515,-0.1013081967830658,-0.014787726104259491,-0.055927522480487823,0.08454345911741257,0.20863699913024902,-0.06305839121341705,0.06516135483980179,0.21657712757587433,-0.02956194430589676,0.018401455134153366,-0.06550848484039307,0.027284495532512665,-0.15126052498817444,-0.0035880953073501587,-0.07872601598501205,-0.004649370908737183,0.06690656393766403,-0.13882923126220703,0.02473847195506096,0.10174284130334854,-0.17706799507141113,0.1455916315317154,-0.02356576919555664,-0.04326828569173813,0.039245590567588806,0.056253597140312195,-0.03593260794878006,-0.05098467320203781,0.23514750599861145,-0.2565402388572693,0.25314316153526306,0.20431718230247498,0.05810221657156944,0.08226455748081207,0.06689614057540894,0.12924593687057495,-0.01213039644062519,-0.0029533356428146362,-0.1355963945388794,-0.07988985627889633,-0.027157489210367203,-0.09830301254987717,-0.028835758566856384,-0.00507686473429203],[-0.2031591236591339,0.15627002716064453,0.12323067337274551,-0.13150176405906677,-0.22186774015426636,-0.009220692329108715,-0.07117614150047302,0.0006506890058517456,0.16228681802749634,-0.11075104027986526,0.17007027566432953,0.006007425487041473,-0.17600224912166595,0.029221143573522568,-0.043163880705833435,0.2227114737033844,-0.20698143541812897,-0.15037715435028076,-0.06130101904273033,-0.006594348698854446,0.0650034174323082,0.05127997323870659,-0.004290314391255379,0.0634797140955925,-0.07655835151672363,-0.3678673505783081,-0.04360886663198471,-0.0645204558968544,-0.08154941350221634,-0.08498696982860565,0.09114821255207062,0.05415632575750351,-0.17743778228759766,-0.03629341721534729,-0.038850996643304825,0.12386815249919891,-0.07772079855203629,-0.05859973654150963,0.17719778418540955,0.0010993145406246185,-0.33379557728767395,-0.03498787432909012,0.14794257283210754,0.3234061896800995,0.2544572651386261,0.007151065394282341,0.040299199521541595,-0.018342040479183197,0.1479562669992447,-0.31256866455078125,-0.014241399243474007,0.12679332494735718,0.12178882956504822,0.04507065191864967,0.07231666147708893,-0.1328263282775879,0.07450436055660248,0.061736539006233215,-0.17493775486946106,-0.003411669284105301,0.07213529944419861,-0.142420694231987,0.04429447278380394,-0.09844015538692474,0.2952452301979065,0.09961502254009247,-0.10041409730911255,-0.16694319248199463,0.1805732548236847,-0.15376509726047516,-0.12126841396093369,0.09903724491596222,-0.15632812678813934,-0.17260068655014038,-0.36991041898727417,-0.05285322666168213,0.34195101261138916,0.11254440993070602,-0.08822518587112427,0.0775044709444046,-0.03228244185447693,-0.04322586953639984,-0.056118354201316833,0.26389965415000916,-0.005496721714735031,0.07877466082572937,-0.08392693102359772,0.06122203543782234,0.2361491173505783,-0.09741996973752975,0.0177084282040596,0.24834255874156952,0.06890562176704407,-0.00977291725575924,-0.021529346704483032,0.045284584164619446,-0.10304796695709229,0.018893681466579437,-0.17959728837013245,0.018769729882478714,-0.05504802614450455,-0.007346000522375107,0.002399429678916931,0.10750080645084381,-0.2021668255329132,0.15283581614494324,-0.05813497304916382,0.018741082400083542,-0.13609179854393005,-0.05313698574900627,-0.040741488337516785,-0.02856770157814026,0.1569683849811554,-0.13396970927715302,0.13319085538387299,0.19290894269943237,-0.00554729625582695,0.12981434166431427,0.1274258941411972,0.03796031326055527,0.004679486155509949,-0.037855327129364014,-0.1896052211523056,0.0035800598561763763,0.038292765617370605,