{"distanceThreshold":0.56,"labeledDescriptors":[{"label":"7490596f-c8d4-4337-af10-14590de48f19","descriptors":[[-0.09919298440217972,0.10646305978298187,-0.006379809230566025,-0.031212735921144485,-0.06481266021728516,0.010049847885966301,-0.05900847911834717,-0.10959693789482117,0.17058753967285156,-0.12321847677230835,0.2639085650444031,-0.026359304785728455,-0.17887742817401886,-0.11280405521392822,-0.041386861354112625,0.14709609746932983,-0.20175708830356598,-0.16289064288139343,-0.0057552168145775795,-0.021208347752690315,0.10754023492336273,-0.013468893244862556,0.04400264099240303,0.09123380482196808,-0.11538246273994446,-0.3650802969932556,-0.13431662321090698,-0.11386606097221375,0.02665138803422451,-0.06606943160295486,-0.05007115751504898,-0.041552118957042694,-0.1467089205980301,-0.043838389217853546,0.008705193176865578,0.027845751494169235,-0.009264016523957253,-0.05044734850525856,0.22662881016731262,-0.018246863037347794,-0.23508243262767792,-0.028461366891860962,0.09191784262657166,0.285610556602478,0.2064788043498993,0.10553306341171265,0.007901914417743683,-0.10518509149551392,0.13713614642620087,-0.10492226481437683,0.12018659710884094,0.16722802817821503,0.0857018232345581,0.07728211581707001,0.013717159628868103,-0.1285189688205719,-0.025632627308368683,0.11582326143980026,-0.12229049205780029,-0.006357740610837936,0.03290163353085518,-0.03841124102473259,0.028070881962776184,-0.0788407251238823,0.28854021430015564,0.08462014049291611,-0.13382545113563538,-0.2016039788722992,0.17004285752773285,-0.15374696254730225,-0.11913269013166428,0.0636059045791626,-0.20327289402484894,-0.17830027639865875,-0.32516324520111084,0.05016648396849632,0.46682286262512207,0.1077355220913887,-0.11764167249202728,0.06514093279838562,-0.035693295300006866,-0.060521095991134644,0.10364136844873428,0.22011423110961914,-0.021953783929347992,0.03931557387113571,-0.07858175039291382,-0.007510945200920105,0.2054571956396103,-0.02813127264380455,-0.100526824593544,0.16526108980178833,-0.04014941304922104,0.07245828956365585,0.05591009184718132,0.07357456535100937,-0.09774740785360336,0.07797031849622726,-0.14926789700984955,-0.020434249192476273,-0.012074440717697144,0.026480481028556824,0.008973553776741028,0.12848302721977234,-0.11326213926076889,0.11990982294082642,0.019741885364055634,0.031956445425748825,-0.034168343991041183,0.0521346777677536,-0.11791166663169861,-0.10129982233047485,0.09469595551490784,-0.2396027147769928,0.18104566633701324,0.11707441508769989,0.12153881043195724,0.16263501346111298,0.11848578602075577,0.12208475172519684,0.01789107359945774,-0.012161359190940857,-0.2221318930387497,0.000601842999458313,0.08493116497993469,-0.00642887968569994,0.15507400035858154,0.03537288308143616],[-0.0960862934589386,0.10315067321062088,-0.008230526000261307,-0.015302538871765137,-0.08699879050254822,0.04073672741651535,-0.09352743625640869,-0.09035883843898773,0.18486392498016357,-0.16659684479236603,0.23784618079662323,-0.03732983022928238,-0.23878081142902374,-0.07566939294338226,-0.05120585486292839,0.15046842396259308,-0.13452735543251038,-0.12234397977590561,-0.027904342859983444,-0.03496362268924713,0.05341538414359093,-0.05640026926994324,0.04480394721031189,0.09358066320419312,-0.07388092577457428,-0.40544742345809937,-0.08757282048463821,-0.10264504700899124,0.0010620392858982086,-0.13215243816375732,-0.0753190889954567,0.023610662668943405,-0.1274213343858719,-0.018496785312891006,-0.029629871249198914,0.10611386597156525,-0.04970249533653259,-0.04461120069026947,0.2427462339401245,-0.029010653495788574,-0.20552513003349304,-0.08359169214963913,0.02978835254907608,0.26540398597717285,0.1833118200302124,0.05913356691598892,0.0011379048228263855,-0.06426430493593216,0.13127070665359497,-0.1722201406955719,0.06310833990573883,0.1593136191368103,0.08550599217414856,0.06796803325414658,0.02497856318950653,-0.12711699306964874,-0.017354268580675125,0.12244912981987,-0.10519847273826599,-0.013227738440036774,-0.014009859412908554,-0.11427280306816101,-0.033916354179382324,-0.06122437119483948,0.31777939200401306,0.1168651208281517,-0.12967264652252197,-0.15142822265625,0.1589188575744629,-0.15224982798099518,-0.07031979411840439,0.05094216391444206,-0.16841734945774078,-0.19871735572814941,-0.30431070923805237,0.059625398367643356,0.4149933159351349,0.12721973657608032,-0.12407582998275757,0.05486806482076645,-0.04138879477977753,-0.07740366458892822,0.09629649668931961,0.19604390859603882,-0.0331173911690712,0.008488975465297699,-0.06325608491897583,0.011880375444889069,0.18459902703762054,-0.05176841840147972,-0.07568728923797607,0.15277943015098572,-0.0493001788854599,0.11262375116348267,0.01766088791191578,0.030628234148025513,-0.0896197184920311,0.04263876751065254,-0.15153124928474426,-0.015114042907953262,0.03308245912194252,-0.013952329754829407,-0.001577518880367279,0.08768641948699951,-0.14272968471050262,0.06648925691843033,0.012839816510677338,0.011899720877408981,0.048720669001340866,0.033606212586164474,-0.16699907183647156,-0.12198662757873535,0.14821995794773102,-0.2710513472557068,0.1728605180978775,0.16069470345973969,0.1032349243760109,0.16741719841957092,0.15071335434913635,0.09549615532159805,0.06423653662204742,-0.032096780836582184,-0.20883816480636597,0.005640111863613129,0.11184052377939224,0.010514245368540287,0.06021898239850998,-0.005572637543082237]]}]}